,Value,Count
0,|Argentina|Santa Fe|Rosario|,8504
1,|Argentina|Córdoba|Córdoba|,6606
2,|Argentina|Buenos Aires Costa Atlántica|Mar del Plata|,6534
3,|Argentina|Bs.As. G.B.A. Zona Norte|Tigre|Nordelta|,3315
4,|Argentina|Capital Federal|Belgrano|,2992
5,|Argentina|Capital Federal|Palermo|,2885
6,|Argentina|Córdoba|,2648
7,|Argentina|Bs.As. G.B.A. Zona Norte|Tigre|,2359
8,|Argentina|Capital Federal|Caballito|,2273
9,|Argentina|Bs.As. G.B.A. Zona Norte|Pilar|,1857
10,|Argentina|Bs.As. G.B.A. Zona Sur|La Plata|La Plata|,1767
11,|Argentina|Capital Federal|Villa Urquiza|,1629
12,|Argentina|Bs.As. G.B.A. Zona Norte|Vicente López|Olivos|,1590
13,|Argentina|Capital Federal|Recoleta|,1547
14,|Argentina|Capital Federal|Flores|,1354
15,|Argentina|Capital Federal|Villa Crespo|,1331
16,|Argentina|Capital Federal|,1297
17,|Argentina|Bs.As. G.B.A. Zona Sur|Lomas de Zamora|Lomas de Zamora|,1253
18,|Argentina|Capital Federal|San Telmo|,1216
19,|Argentina|Capital Federal|Almagro|,1165
20,|Argentina|Capital Federal|Barrio Norte|,1140
21,|Argentina|Bs.As. G.B.A. Zona Oeste|La Matanza|Ramos Mejía|,1127
22,|Argentina|Bs.As. G.B.A. Zona Norte|San Isidro|Martínez|,1058
23,|Argentina|Bs.As. G.B.A. Zona Norte|Escobar|,1037
24,|Argentina|Bs.As. G.B.A. Zona Sur|Lomas de Zamora|Banfield|,1007
25,|Argentina|Bs.As. G.B.A. Zona Sur|Lanús|Lanús|,971
26,|Argentina|Bs.As. G.B.A. Zona Norte|Tigre|Tigre|,965
27,|Argentina|Buenos Aires Costa Atlántica|Pinamar|,932
28,|Argentina|Capital Federal|Boedo|,890
29,|Argentina|Capital Federal|Nuñez|,778
30,|Argentina|Bs.As. G.B.A. Zona Sur|La Plata|,767
31,|Argentina|Bs.As. G.B.A. Zona Sur|Almirante Brown|Adrogué|,734
32,|Argentina|Córdoba|Punilla|,713
33,|Argentina|Bs.As. G.B.A. Zona Sur|Lomas de Zamora|Temperley|,703
34,|Argentina|Capital Federal|Balvanera|,667
35,|Argentina|Capital Federal|Puerto Madero|,647
36,|Argentina|Bs.As. G.B.A. Zona Norte|San Isidro|,641
37,|Argentina|Bs.As. G.B.A. Zona Oeste|Morón|Castelar|,640
38,|Argentina|Río Negro|San Carlos de Bariloche|San Carlos de Bariloche|,638
39,|Argentina|Bs.As. G.B.A. Zona Oeste|Morón|Morón|,627
40,|Argentina|Bs.As. G.B.A. Zona Norte|Vicente López|Florida|,620
41,|Argentina|Capital Federal|San Cristobal|,614
42,|Argentina|Córdoba|Villa Carlos Paz|,612
43,|Argentina|Bs.As. G.B.A. Zona Norte|Tigre|Benavidez|,604
44,|Argentina|Santa Fe|Santa Fe|,595
45,|Argentina|Bs.As. G.B.A. Zona Norte|General San Martín|Villa Ballester|,588
46,|Argentina|Bs.As. G.B.A. Zona Oeste|Morón|,582
47,|Argentina|Capital Federal|Saavedra|,542
48,|Argentina|Capital Federal|Monserrat|,538
49,|Argentina|Capital Federal|Palermo|Palermo Hollywood|,532
50,|Argentina|Capital Federal|Floresta|,516
51,|Argentina|Corrientes|Ituzaingó|,508
52,|Argentina|Capital Federal|Villa del Parque|,488
53,|Argentina|Bs.As. G.B.A. Zona Sur|Quilmes|Quilmes|,483
54,|Argentina|Buenos Aires Interior|Bahía Blanca|,480
55,|Argentina|Bs.As. G.B.A. Zona Oeste|Ituzaingó|,474
56,|Argentina|Bs.As. G.B.A. Zona Oeste|Morón|Haedo|,472
57,|Argentina|Bs.As. G.B.A. Zona Norte|Vicente López|Vicente López|,449
58,|Argentina|Bs.As. G.B.A. Zona Norte|San Fernando|,437
59,|Argentina|Bs.As. G.B.A. Zona Oeste|Moreno|,434
60,|Argentina|Capital Federal|Villa Luro|,432
61,|Argentina|Capital Federal|Barracas|,425
62,|Argentina|Capital Federal|Villa Devoto|,420
63,|Argentina|Capital Federal|Mataderos|,418
64,|Argentina|Bs.As. G.B.A. Zona Norte|San Miguel|,417
65,|Argentina|Bs.As. G.B.A. Zona Oeste|Tres de Febrero|Caseros|,411
66,|Argentina|Capital Federal|Liniers|,408
67,|Argentina|Bs.As. G.B.A. Zona Norte|San Isidro|Beccar|,398
68,|Argentina|Capital Federal|Palermo|Palermo Soho|,394
69,|Argentina|Bs.As. G.B.A. Zona Norte|General San Martín|,382
70,|Argentina|Bs.As. G.B.A. Zona Sur|Almirante Brown|Burzaco|,368
71,|Argentina|Bs.As. G.B.A. Zona Norte|Pilar|Pilar|,368
72,|Argentina|Misiones|Posadas|,365
73,|Argentina|Bs.As. G.B.A. Zona Oeste|La Matanza|Villa Luzuriaga|,363
74,|Argentina|Tucumán|San Miguel de Tucumán|,362
75,|Argentina|Bs.As. G.B.A. Zona Oeste|Ituzaingó|Ituzaingó|,358
76,|Argentina|Bs.As. G.B.A. Zona Norte|Vicente López|La Lucila|,356
77,|Argentina|Capital Federal|Colegiales|,352
78,|Argentina|Bs.As. G.B.A. Zona Norte|San Isidro|San Isidro|,349
79,|Argentina|Bs.As. G.B.A. Zona Norte|San Fernando|Victoria|,346
80,|Argentina|Bs.As. G.B.A. Zona Norte|San Miguel|San Miguel|,335
81,|Argentina|Capital Federal|Parque Patricios|,322
82,|Argentina|Bs.As. G.B.A. Zona Oeste|Ituzaingó|Los Pingüinos Country Club|,317
83,|Argentina|Bs.As. G.B.A. Zona Sur|La Plata|City Bell|,317
84,|Argentina|Bs.As. G.B.A. Zona Oeste|La Matanza|San Justo|,308
85,|Argentina|Bs.As. G.B.A. Zona Sur|Lanús|Remedios de Escalada|,306
86,|Argentina|Capital Federal|Congreso|,304
87,|Argentina|Buenos Aires Costa Atlántica|Villa Gesell|,300
88,|Argentina|Bs.As. G.B.A. Zona Norte|General San Martín|San Martín|,295
89,|Argentina|Bs.As. G.B.A. Zona Oeste|Tres de Febrero|Ciudadela|,283
90,|Argentina|Bs.As. G.B.A. Zona Norte|Tigre|Nordelta|Barrio Los Alisos|,278
91,|Argentina|Bs.As. G.B.A. Zona Sur|Lomas de Zamora|,276
92,|Argentina|Bs.As. G.B.A. Zona Norte|San Miguel|Bella Vista|,273
93,|Argentina|Bs.As. G.B.A. Zona Oeste|Merlo|,271
94,|Argentina|Capital Federal|Coghlan|,259
95,|Argentina|Capital Federal|Retiro|,248
96,|Argentina|Bs.As. G.B.A. Zona Norte|San Isidro|Acassuso|,242
97,|Argentina|Bs.As. G.B.A. Zona Sur|Avellaneda|,238
98,|Argentina|Bs.As. G.B.A. Zona Norte|San Miguel|Muñiz|,236
99,|Argentina|Bs.As. G.B.A. Zona Norte|Vicente López|,232
100,|Argentina|Capital Federal|Palermo|Palermo Chico|,232
101,|Argentina|Neuquén|Confluencia|,231
102,|Argentina|Buenos Aires Costa Atlántica|Mar del Plata|Centro|,231
103,|Argentina|Bs.As. G.B.A. Zona Sur|Esteban Echeverría|Monte Grande|,228
104,|Argentina|Capital Federal|Chacarita|,227
105,|Argentina|Capital Federal|Centro / Microcentro|,223
106,|Argentina|Capital Federal|Boca|,223
107,|Argentina|Bs.As. G.B.A. Zona Norte|,222
108,|Argentina|Salta|Salta|,221
109,|Argentina|Buenos Aires Interior|Luján|Luján|,219
110,|Argentina|Bs.As. G.B.A. Zona Sur|Quilmes|,216
111,|Argentina|Córdoba|Villa Allende|,211
112,|Argentina|Bs.As. G.B.A. Zona Sur|Lanús|Valentín Alsina|,211
113,|Argentina|Bs.As. G.B.A. Zona Sur|Ezeiza|,211
114,|Argentina|Capital Federal|Constitución|,211
115,|Argentina|Buenos Aires Interior|Rivadavia|Roosevelt|,210
116,|Argentina|Bs.As. G.B.A. Zona Sur|Esteban Echeverría|,209
117,|Argentina|Bs.As. G.B.A. Zona Sur|Ezeiza|Canning|,208
118,|Argentina|Bs.As. G.B.A. Zona Norte|San Fernando|San Fernando|,206
119,|Argentina|Capital Federal|Villa Lugano|,205
120,|Argentina|Bs.As. G.B.A. Zona Sur|La Plata|Manuel B Gonnet|,202
121,|Argentina|Capital Federal|Once|,198
122,|Argentina|Bs.As. G.B.A. Zona Norte|Tigre|Rincón de Milberg|,198
123,|Argentina|Bs.As. G.B.A. Zona Norte|Escobar|Belén de Escobar|,194
124,|Argentina|Tucumán|Yerba Buena|,191
125,|Argentina|Neuquén|Neuquén|,190
126,|Argentina|Capital Federal|San Nicolás|,187
127,|Argentina|Capital Federal|Villa Pueyrredón|,175
128,|Argentina|Bs.As. G.B.A. Zona Sur|Avellaneda|Avellaneda|,173
129,|Argentina|Bs.As. G.B.A. Zona Norte|San Isidro|Boulogne Sur Mer|,173
130,|Argentina|Bs.As. G.B.A. Zona Norte|Pilar|Del Viso|,173
131,|Argentina|Capital Federal|Paternal|,173
132,|Argentina|Bs.As. G.B.A. Zona Sur|Lanús|Lanús Oeste|,172
133,|Argentina|Bs.As. G.B.A. Zona Norte|Vicente López|Munro|,172
134,|Argentina|Bs.As. G.B.A. Zona Oeste|Morón|El Palomar|,172
135,|Argentina|Bs.As. G.B.A. Zona Norte|Escobar|Garín|,166
136,|Argentina|Bs.As. G.B.A. Zona Oeste|Tres de Febrero|Villa Bosch|,162
137,|Argentina|Bs.As. G.B.A. Zona Oeste|La Matanza|Lomas del Mirador|,161
138,|Argentina|Córdoba|Santa María|,155
139,|Argentina|Mendoza|San Roque|,153
140,|Argentina|Bs.As. G.B.A. Zona Oeste|Morón|Villa Sarmiento|,152
141,|Argentina|Bs.As. G.B.A. Zona Oeste|La Matanza|,149
142,|Argentina|Bs.As. G.B.A. Zona Sur|Almirante Brown|Jose Marmol|,148
143,|Argentina|Bs.As. G.B.A. Zona Sur|Esteban Echeverría|Canning|,148
144,|Argentina|Buenos Aires Interior|Luján|,147
145,|Argentina|Bs.As. G.B.A. Zona Sur|Lomas de Zamora|Llavallol|,147
146,|Argentina|Capital Federal|Parque Chacabuco|,146
147,|Argentina|Entre Ríos|Paraná|,144
148,|Argentina|Capital Federal|Las Cañitas|,143
149,|Argentina|Bs.As. G.B.A. Zona Oeste|Merlo|San Antonio De Padua|,141
150,|Argentina|Bs.As. G.B.A. Zona Norte|San Isidro|Villa Adelina|,140
151,|Argentina|Bs.As. G.B.A. Zona Sur|Avellaneda|Wilde|,139
152,|Argentina|Bs.As. G.B.A. Zona Sur|Quilmes|Bernal|,139
153,|Argentina|Bs.As. G.B.A. Zona Sur|La Plata|Villa Elisa|,138
154,|Argentina|Bs.As. G.B.A. Zona Oeste|Tres de Febrero|Santos Lugares|,137
155,|Argentina|Santa Fe|San Lorenzo|,135
156,|Argentina|Neuquén|Villa La Angostura|,134
157,|Argentina|Buenos Aires Costa Atlántica|Mar del Plata|Plaza Mitre|,134
158,|Argentina|Santa Fe|Castellanos|,132
159,|Argentina|Mendoza|,130
160,|Argentina|Bs.As. G.B.A. Zona Norte|Escobar|Haras Santa Maria|,126
161,|Argentina|Buenos Aires Costa Atlántica|Costa Esmeralda|,126
162,|Argentina|Córdoba|La Calera|,125
163,|Argentina|Buenos Aires Costa Atlántica|San Bernardo|,124
164,|Argentina|Bs.As. G.B.A. Zona Norte|General San Martín|San Andres|,122
165,|Argentina|Bs.As. G.B.A. Zona Norte|Vicente López|Carapachay|,121
166,|Argentina|Buenos Aires Costa Atlántica|Miramar|,118
167,|Argentina|Entre Ríos|Colón|,117
168,|Argentina|Bs.As. G.B.A. Zona Sur|Berazategui|,115
169,|Argentina|Bs.As. G.B.A. Zona Sur|Berazategui|Berazategui|,114
170,|Argentina|Capital Federal|Abasto|,113
171,|Argentina|Bs.As. G.B.A. Zona Norte|Escobar|Maschwitz|,108
172,|Argentina|Río Negro|General Roca|,108
173,|Argentina|Córdoba|Villa General Belgrano|,107
174,|Argentina|Bs.As. G.B.A. Zona Norte|Malvinas Argentinas|,106
175,|Argentina|Buenos Aires Interior|,106
176,|Argentina|Bs.As. G.B.A. Zona Sur|Presidente Perón|Guernica|,105
177,|Argentina|Bs.As. G.B.A. Zona Sur|Almirante Brown|Longchamps|,105
178,|Argentina|San Luis|Merlo|,104
179,|Argentina|Bs.As. G.B.A. Zona Norte|José C Paz|,101
180,|Argentina|Chubut|Cushamen|,100
181,|Argentina|Bs.As. G.B.A. Zona Sur|Almirante Brown|Glew|,100
182,|Argentina|Bs.As. G.B.A. Zona Oeste|Hurlingham|,100
183,|Argentina|Mendoza|Mendoza|,99
184,|Argentina|Buenos Aires Interior|Balcarce|,99
185,|Argentina|Capital Federal|Tribunales|,98
186,|Argentina|Bs.As. G.B.A. Zona Oeste|Tres de Febrero|,96
187,|Argentina|Bs.As. G.B.A. Zona Norte|Pilar|Villa Rosa|,96
188,|Argentina|Bs.As. G.B.A. Zona Sur|San Vicente|,95
189,|Argentina|Buenos Aires Costa Atlántica|Mar del Plata|Chauvín|,94
190,|Argentina|Bs.As. G.B.A. Zona Norte|Tigre|Santa Barbara Barrio Cerrado|,93
191,|Argentina|Santa Fe|Roldán|,92
192,|Argentina|Bs.As. G.B.A. Zona Norte|Tigre|Don Torcuato|,92
193,|Argentina|Buenos Aires Costa Atlántica|Mar del Plata|Güemes|,91
194,|Argentina|Buenos Aires Costa Atlántica|Mar del Plata|La Perla|,90
195,|Argentina|Santa Fe|Santo Tomé|,90
196,|Argentina|Bs.As. G.B.A. Zona Norte|Tigre|Barrio San Gabriel|,87
197,|Argentina|Bs.As. G.B.A. Zona Oeste|Moreno|Moreno|,87
198,|Argentina|Bs.As. G.B.A. Zona Norte|Tigre|Delta|,86
199,|Argentina|Capital Federal|Villa Ortuzar|,86
200,|Argentina|Mendoza|San Rafael|,85
201,|Argentina|Bs.As. G.B.A. Zona Oeste|Tres de Febrero|Martín Coronado|,84
202,|Argentina|Bs.As. G.B.A. Zona Oeste|General Rodríguez|,83
203,|Argentina|La Pampa|Santa Rosa|,82
204,|Argentina|Córdoba|Mendiolaza|,81
205,|Argentina|Buenos Aires Interior|General Pueyrredón|,81
206,|Argentina|Buenos Aires Interior|Tres Arroyos|,80
207,|Argentina|Buenos Aires Costa Atlántica|Mar de Ajó|,80
208,|Argentina|Capital Federal|Monte Castro|,79
209,|Argentina|Bs.As. G.B.A. Zona Norte|Malvinas Argentinas|Los Polvorines|,79
210,|Argentina|Tucumán|,77
211,|Argentina|Bs.As. G.B.A. Zona Sur|Lanús|,77
212,|Argentina|Santa Fe|Funes|,77
213,|Argentina|Bs.As. G.B.A. Zona Norte|Tigre|General Pacheco|,77
214,|Argentina|Bs.As. G.B.A. Zona Oeste|Tres de Febrero|Sáenz Peña|,76
215,|Argentina|Neuquén|San Martín de los Andes|,75
216,|Argentina|Buenos Aires Costa Atlántica|Mar del Plata|Constitución|,75
217,|Argentina|Bs.As. G.B.A. Zona Norte|Pilar|Mayling Club de Campo|,74
218,|Argentina|Santa Fe|Esperanza|,74
219,|Argentina|Bs.As. G.B.A. Zona Norte|General San Martín|Jose Leon Suarez|,73
220,|Argentina|Buenos Aires Costa Atlántica|Monte Hermoso|,71
221,|Argentina|Buenos Aires Costa Atlántica|Mar del Plata|Playa Grande|,71
222,|Argentina|Bs.As. G.B.A. Zona Norte|Vicente López|Villa Martelli|,70
223,|Argentina|Bs.As. G.B.A. Zona Sur|Lomas de Zamora|Turdera|,69
224,|Argentina|Capital Federal|Parque Centenario|,68
225,|Argentina|Buenos Aires Interior|Coronel Suárez|Coronel Suárez|,68
226,|Argentina|Santa Fe|Rafaela|,68
227,|Argentina|Bs.As. G.B.A. Zona Norte|Malvinas Argentinas|Tortuguitas|,67
228,|Argentina|Bs.As. G.B.A. Zona Sur|Berazategui|Fincas de Iraola|,65
229,|Argentina|Formosa|Formosa|,65
230,|Argentina|Bs.As. G.B.A. Zona Oeste|,65
231,|Argentina|Capital Federal|Pompeya|,64
232,|Argentina|La Pampa|General Pico|,64
233,|Argentina|San Luis|San Luis|,63
234,|Argentina|Bs.As. G.B.A. Zona Norte|Pilar|Estancias del Pilar|,63
235,|Argentina|Bs.As. G.B.A. Zona Norte|Tigre|Nordelta|Barrio La Alameda|,62
236,|Argentina|Córdoba|Río Cuarto|,61
237,|Argentina|Córdoba|Santa Rosa de Calamuchita|,60
238,|Argentina|Neuquén|Lácar|,60
239,|Argentina|Bs.As. G.B.A. Zona Oeste|Moreno|Paso del Rey|,59
240,|Argentina|Corrientes|Mburucuyá|,58
241,|Argentina|Buenos Aires Costa Atlántica|Cariló|,58
242,|Argentina|Bs.As. G.B.A. Zona Oeste|Moreno|Francisco Alvarez|,58
243,|Argentina|Mendoza|Godoy Cruz|,58
244,|Argentina|Bs.As. G.B.A. Zona Sur|La Plata|Tolosa|,57
245,|Argentina|Capital Federal|Villa Santa Rita|,57
246,|Argentina|Santa Fe|Coronda|,57
247,|Argentina|Bs.As. G.B.A. Zona Oeste|Ituzaingó|Parque Leloir|,57
248,|Argentina|Capital Federal|Parque Avellaneda|,56
249,|Argentina|Bs.As. G.B.A. Zona Oeste|Hurlingham|Hurlingham|,55
250,|Argentina|Capital Federal|Versalles|,55
251,|Argentina|Bs.As. G.B.A. Zona Oeste|La Matanza|Villa Madero|,54
252,|Argentina|Buenos Aires Interior|Chascomús|Chascomús|,54
253,|Argentina|Bs.As. G.B.A. Zona Norte|Tigre|Nordelta|BarrioPortezuelo|,54
254,|Argentina|Buenos Aires Costa Atlántica|Valeria del Mar|,53
255,|Argentina|Bs.As. G.B.A. Zona Sur|Ezeiza|Tristán Suárez|,52
256,|Argentina|Buenos Aires Interior|Tandil|,52
257,|Argentina|Buenos Aires Costa Atlántica|Mar del Plata|Plaza Colón|,52
258,|Argentina|Bs.As. G.B.A. Zona Norte|Escobar|Loma Verde|,52
259,|Argentina|Bs.As. G.B.A. Zona Norte|Vicente López|Florida Oeste|,51
260,|Argentina|Buenos Aires Costa Atlántica|Mar de las Pampas|,51
261,|Argentina|Buenos Aires Costa Atlántica|San Clemente del Tuyú|,49
262,|Argentina|Santa Fe|Capitán Bermúdez|,49
263,|Argentina|Capital Federal|Villa General Mitre|,48
264,|Argentina|Bs.As. G.B.A. Zona Oeste|Marcos Paz|Marcos Paz|,47
265,|Argentina|Bs.As. G.B.A. Zona Norte|Malvinas Argentinas|Olivos Golf Club|,47
266,|Argentina|Buenos Aires Interior|Lobos|Lobos|,47
267,|Argentina|Bs.As. G.B.A. Zona Sur|Almirante Brown|Claypole|,46
268,|Argentina|Bs.As. G.B.A. Zona Norte|Tigre|La Comarca|,46
269,|Argentina|Buenos Aires Costa Atlántica|Santa Teresita|,46
270,|Argentina|Bs.As. G.B.A. Zona Norte|Malvinas Argentinas|Grand Bourg|,45
271,|Argentina|Bs.As. G.B.A. Zona Norte|Pilar|Carmel Country Club|,45
272,|Argentina|Chubut|Escalante|,45
273,|Argentina|Mendoza|Luján de Cuyo|,45
274,|Argentina|Capital Federal|Parque Chas|,44
275,|Argentina|Buenos Aires Interior|General Pueyrredón|Sierra de los Padres|,44
276,|Argentina|Bs.As. G.B.A. Zona Norte|Tigre|Barrio Santa Teresa|,44
277,|Argentina|Misiones|,44
278,|Argentina|Bs.As. G.B.A. Zona Sur|Lanús|Lanús Este|,44
279,|Argentina|Buenos Aires Interior|San Pedro|San Pedro|,43
280,|Argentina|Bs.As. G.B.A. Zona Sur|Avellaneda|Sarandi|,43
281,|Argentina|Bs.As. G.B.A. Zona Norte|Tigre|Barrio San Rafael|,43
282,|Argentina|Bs.As. G.B.A. Zona Sur|Berazategui|Fincas de Hudson|,43
283,|Argentina|Bs.As. G.B.A. Zona Oeste|Tres de Febrero|Ciudad Jardín Lomas del Palomar|,42
284,|Argentina|Bs.As. G.B.A. Zona Sur|Almirante Brown|,42
285,|Argentina|Bs.As. G.B.A. Zona Norte|San Fernando|Virreyes|,41
286,|Argentina|Buenos Aires Costa Atlántica|Mar del Plata|Stella Maris|,41
287,|Argentina|Bs.As. G.B.A. Zona Oeste|La Matanza|Isidro Casanova|,41
288,|Argentina|Capital Federal|Agronomía|,41
289,|Argentina|Bs.As. G.B.A. Zona Norte|General San Martín|Villa Lynch|,41
290,|Argentina|Bs.As. G.B.A. Zona Sur|Esteban Echeverría|Luis Guillón|,40
291,|Argentina|Capital Federal|Palermo|Palermo Viejo|,40
292,|Argentina|Córdoba|Río Ceballos|,39
293,|Argentina|Bs.As. G.B.A. Zona Norte|Tigre|Nordelta|Barrio Los Lagos|,39
294,|Argentina|Bs.As. G.B.A. Zona Oeste|Moreno|La Reja|,39
295,|Argentina|Buenos Aires Costa Atlántica|Mar del Plata|Playa Chica|,39
296,|Argentina|Capital Federal|Velez Sarsfield|,39
297,|Argentina|Capital Federal|Villa Real|,37
298,|Argentina|Buenos Aires Interior|Trenque Lauquen|Trenque Lauquen|,37
299,|Argentina|Chaco|Resistencia|,37
300,|Argentina|Bs.As. G.B.A. Zona Norte|Malvinas Argentinas|Villa de Mayo|,36
301,|Argentina|Bs.As. G.B.A. Zona Norte|Malvinas Argentinas|Ingeniero Pablo Nogués|,36
302,|Argentina|Santa Fe|Reconquista|,36
303,|Argentina|Bs.As. G.B.A. Zona Sur|Berazategui|Ranelagh|,36
304,|Argentina|Bs.As. G.B.A. Zona Sur|Almirante Brown|Rafael Calzada|,36
305,|Argentina|Bs.As. G.B.A. Zona Sur|Avellaneda|Villa Dominico|,35
306,|Argentina|Bs.As. G.B.A. Zona Oeste|Tres de Febrero|Loma Hermosa|,35
307,|Argentina|Bs.As. G.B.A. Zona Norte|General San Martín|Villa Libertad|,34
308,|Argentina|Bs.As. G.B.A. Zona Norte|Escobar|Septiembre|,34
309,|Argentina|Bs.As. G.B.A. Zona Norte|José C Paz|José C Paz|,34
310,|Argentina|Bs.As. G.B.A. Zona Norte|Escobar|Acacias Blancas|,34
311,|Argentina|Santa Fe|Granadero Baigorria|,34
312,|Argentina|Córdoba|Unquillo|,34
313,|Argentina|Santa Fe|,33
314,|Argentina|Bs.As. G.B.A. Zona Norte|Pilar|Barrio Cerrado Las Casuarinas|,32
315,|Argentina|Bs.As. G.B.A. Zona Sur|Ezeiza|Ezeiza|,32
316,|Argentina|Bs.As. G.B.A. Zona Norte|Tigre|Nordelta|Barrio El Golf|,32
317,|Argentina|Buenos Aires Costa Atlántica|Mar Azul|,32
318,|Argentina|Chubut|Trelew|,31
319,|Argentina|Bs.As. G.B.A. Zona Oeste|Marcos Paz|Barrio El Moro|,31
320,|Argentina|Mendoza|Las Heras|,31
321,|Argentina|Bs.As. G.B.A. Zona Sur|Quilmes|Country Nuevo Quilmes|,31
322,|Argentina|Buenos Aires Costa Atlántica|Mar del Plata|Macrocentro|,30
323,|Argentina|Buenos Aires Interior|San Miguel del Monte|,30
324,|Argentina|Entre Ríos|Concordia|,29
325,|Argentina|Bs.As. G.B.A. Zona Norte|Pilar|Boca Ratón|,29
326,|Argentina|Bs.As. G.B.A. Zona Sur|Cañuelas|Cañuelas|,29
327,|Argentina|Bs.As. G.B.A. Zona Oeste|La Matanza|La Tablada|,29
328,|Argentina|Bs.As. G.B.A. Zona Oeste|La Matanza|Ciudad Evita|,29
329,|Argentina|Bs.As. G.B.A. Zona Norte|Pilar|Mapuche Country Club|,28
330,|Argentina|Buenos Aires Costa Atlántica|Necochea|,28
331,|Argentina|Bs.As. G.B.A. Zona Norte|Malvinas Argentinas|Santa María de los Olivos|,28
332,|Argentina|Buenos Aires Costa Atlántica|,27
333,|Argentina|Bs.As. G.B.A. Zona Norte|Tigre|El Talar|,27
334,|Argentina|Río Negro|Cipolletti|,27
335,|Argentina|Mendoza|Maipú|,27
336,|Argentina|Bs.As. G.B.A. Zona Norte|Pilar|La Lomada de Pilar|,27
337,|Argentina|Bs.As. G.B.A. Zona Norte|Tigre|Albanueva Barrio Cerrado|,26
338,|Argentina|Bs.As. G.B.A. Zona Sur|La Plata|Abasto|,26
339,|Argentina|Córdoba|Los Reartes|,26
340,|Argentina|Buenos Aires Interior|Tandil|Tandil|,26
341,|Argentina|Buenos Aires Costa Atlántica|Mar del Tuyú|,25
342,|Argentina|Buenos Aires Interior|Lobos|,25
343,|Argentina|Bs.As. G.B.A. Zona Norte|Tigre|Solares del Talar|,25
344,|Argentina|Bs.As. G.B.A. Zona Sur|Ezeiza|Solar del Bosque|,25
345,|Argentina|Bs.As. G.B.A. Zona Oeste|Ituzaingó|Villa Udaondo|,25
346,|Argentina|Bs.As. G.B.A. Zona Norte|Pilar|Manuel Alberti|,25
347,|Argentina|Bs.As. G.B.A. Zona Sur|,24
348,|Argentina|Jujuy|San Salvador de Jujuy|,24
349,|Argentina|Bs.As. G.B.A. Zona Oeste|General Rodríguez|General Rodríguez|,24
350,|Argentina|Córdoba|Oncativo|,24
351,|Argentina|Bs.As. G.B.A. Zona Norte|Tigre|El Talar de Pacheco|,24
352,|Argentina|Bs.As. G.B.A. Zona Norte|Tigre|Santa-Catalina|,24
353,|Argentina|San Luis|,24
354,|Argentina|Bs.As. G.B.A. Zona Oeste|Merlo|Merlo|,23
355,|Argentina|Bs.As. G.B.A. Zona Norte|Pilar|Haras del Pilar - Las Praderas 1 y 2|,23
356,|Argentina|Buenos Aires Costa Atlántica|Mar del Plata|Torreón|,23
357,|Argentina|Córdoba|Villa del Dique|,23
358,|Argentina|Bs.As. G.B.A. Zona Norte|Tigre||,23
359,|Argentina|Buenos Aires Costa Atlántica|Mar del Plata|Los Troncos|,23
360,|Argentina|Bs.As. G.B.A. Zona Oeste|Moreno|Campos de Álvarez|,22
361,|Argentina|Tucumán|Tafí del Valle|,22
362,|Argentina|Bs.As. G.B.A. Zona Oeste|La Matanza|Tapiales|,22
363,|Argentina|Córdoba|San Francisco|,22
364,|Argentina|Bs.As. G.B.A. Zona Sur|Avellaneda|Gerli|,22
365,|Argentina|Buenos Aires Interior|Mercedes|,22
366,|Argentina|Bs.As. G.B.A. Zona Oeste|General Rodríguez|El Nacional Club de Campo|,21
367,|Argentina|Bs.As. G.B.A. Zona Norte|Malvinas Argentinas|Country San Jorge Village|,21
368,|Argentina|Bs.As. G.B.A. Zona Norte|Tigre|El Encuentro|,21
369,|Argentina|Salta|,21
370,|Argentina|Buenos Aires Costa Atlántica|Las Toninas|,21
371,|Argentina|Bs.As. G.B.A. Zona Sur|Esteban Echeverría|La horqueta de Echeverría|,21
372,|Argentina|Santa Fe|Iriondo|,20
373,|Argentina|Bs.As. G.B.A. Zona Sur|Lanús|Gerli|,20
374,|Argentina|Santa Fe|Villa Constitución|,20
375,|Argentina|Córdoba|Río Tercero|,20
376,|Argentina|Bs.As. G.B.A. Zona Sur|Presidente Perón|,19
377,|Argentina|Bs.As. G.B.A. Zona Norte|Tigre|Barrio San Agustin|,19
378,|Argentina|Buenos Aires Costa Atlántica|Mar del Plata|Rumenco|,19
379,|Argentina|Bs.As. G.B.A. Zona Sur|Berazategui|Abril Club de Campo|,19
380,|Argentina|Bs.As. G.B.A. Zona Norte|Pilar|Manzanares|,18
381,|Argentina|Bs.As. G.B.A. Zona Sur|Quilmes|Ezpeleta|,18
382,|Argentina|Buenos Aires Interior|Brandsen|Coronel Brandsen|,18
383,|Argentina|Bs.As. G.B.A. Zona Norte|Tigre|Vila Vela Terrazas al Lago|,18
384,|Argentina|Misiones|Oberá|,18
385,|Argentina|Buenos Aires Costa Atlántica|Claromecó|,18
386,|Argentina|Córdoba|San Antonio de Arredondo|,18
387,|Argentina|Buenos Aires Costa Atlántica|Santa Clara del Mar|,18
388,|Argentina|Córdoba|Alta Gracia|,18
389,|Argentina|Bs.As. G.B.A. Zona Sur|La Plata|Villa Elvira|,17
390,|Argentina|Córdoba|Mina Clavero|,17
391,|Argentina|Córdoba|Tanti|,17
392,|Argentina|Buenos Aires Costa Atlántica|Costa del Este|,17
393,|Argentina|Bs.As. G.B.A. Zona Norte|Tigre|Nordelta|Enyoi|,17
394,|Argentina|Chubut|,17
395,|Argentina|Tierra Del Fuego|Río Grande|,17
396,"|Argentina|Bs.As. G.B.A. Zona Norte|Pilar|Barrio Cerrado ""La Delfina""|",17
397,|Argentina|Catamarca|Manantiales|,17
398,|Argentina|Córdoba|Jesús María|,17
399,|Argentina|Bs.As. G.B.A. Zona Oeste|Moreno|Country Banco Provincia|,16
400,|Argentina|Buenos Aires Costa Atlántica|La Lucila del Mar|,16
401,|Argentina|Bs.As. G.B.A. Zona Sur|Florencio Varela|,16
402,|Argentina|Bs.As. G.B.A. Zona Oeste|Ituzaingó|Villa Ariza|,16
403,|Argentina|Chubut|Puerto Madryn|,16
404,|Argentina|Bs.As. G.B.A. Zona Sur|Berazategui|GreenVille Polo & Resort|,16
405,|Argentina|Buenos Aires Interior|Berisso|Berisso|,16
406,|Argentina|Bs.As. G.B.A. Zona Norte|Pilar|La Madrugada|,16
407,|Argentina|Bs.As. G.B.A. Zona Norte|Pilar|Highland Park Country Club|,16
408,|Argentina|Bs.As. G.B.A. Zona Sur|San Vicente|Alejandro Korn|,16
409,|Argentina|Bs.As. G.B.A. Zona Oeste|La Matanza|Rafael Castillo|,16
410,|Argentina|Tucumán|Tafí Viejo|,16
411,|Argentina|Córdoba|Villa Giardino|,16
412,|Argentina|Bs.As. G.B.A. Zona Oeste|La Matanza|Virrey del Pino|,16
413,|Argentina|Bs.As. G.B.A. Zona Sur|Berazategui|Fincas de Iraola II|,16
414,|Argentina|Santa Fe|Ibarlucea|,16
415,|Argentina|Córdoba|La Granja|,16
416,|Argentina|Buenos Aires Interior|General Madariaga|,16
417,|Argentina|Chubut|Esquel|,15
418,|Argentina|Bs.As. G.B.A. Zona Norte|Tigre|Villa Bertha|,15
419,|Argentina|Bs.As. G.B.A. Zona Oeste|Hurlingham|Villa Tesei|,15
420,|Argentina|Bs.As. G.B.A. Zona Sur|Lanús|Monte Chingolo|,15
421,|Argentina|Bs.As. G.B.A. Zona Sur|Quilmes|Don Bosco|,15
422,|Argentina|Capital Federal|Villa Soldati|,15
423,|Argentina|San Luis|Juana Koslay|,15
424,|Argentina|Buenos Aires Interior|Azul|,15
425,|Argentina|Bs.As. G.B.A. Zona Norte|General San Martín|Billinghurst|,15
426,|Argentina|Bs.As. G.B.A. Zona Sur|Florencio Varela|Florencio Varela|,15
427,|Argentina|Buenos Aires Costa Atlántica|Costa Azul|,15
428,|Argentina|Buenos Aires Costa Atlántica|Aguas Verdes|,15
429,|Argentina|Buenos Aires Interior|Ensenada|Ensenada|,15
430,|Argentina|Bs.As. G.B.A. Zona Norte|Pilar|Derqui|,15
431,|Argentina|Córdoba|Malagueño|,15
432,|Argentina|Buenos Aires Interior|Luján|Open Door|,15
433,|Argentina|Bs.As. G.B.A. Zona Norte|Pilar|La Peregrina|,15
434,|Argentina|Bs.As. G.B.A. Zona Norte|Tigre|Altamira|,14
435,|Argentina|Córdoba|Villa Rumipal|,14
436,|Argentina|Bs.As. G.B.A. Zona Norte|Pilar|Los Lagartos Country Club|,14
437,|Argentina|Entre Ríos|Gualeguaychú|,14
438,|Argentina|Bs.As. G.B.A. Zona Norte|Tigre|Talar del Lago 1|,14
439,|Argentina|Buenos Aires Interior|San Antonio de Areco|San Antonio de Areco|,14
440,|Argentina|Buenos Aires Interior|Punta Indio|,14
441,|Argentina|Córdoba|Cosquín|,14
442,|Argentina|Córdoba|Colonia Caroya|,14
443,|Argentina|Buenos Aires Interior|Coronel Suárez|,14
444,|Argentina|Bs.As. G.B.A. Zona Norte|Pilar|Golfer's Country Club|,14
445,|Argentina|Bs.As. G.B.A. Zona Norte|Tigre|Nordelta|Barrio Los Castores|,14
446,|Argentina|Misiones|Garupá|,14
447,|Argentina|Santa Cruz|Caleta Olivia|,14
448,|Argentina|Bs.As. G.B.A. Zona Norte|Tigre|Laguna del Sol|,14
449,|Argentina|Bs.As. G.B.A. Zona Sur|Esteban Echeverría|El Rocío|,14
450,|Argentina|San Luis|Villa Mercedes|,13
451,|Argentina|Bs.As. G.B.A. Zona Sur|La Plata|Los Hornos|,13
452,|Argentina|Buenos Aires Interior|Exaltación de la Cruz|,13
453,|Argentina|Chubut|Comodoro Rivadavia|,13
454,|Argentina|Bs.As. G.B.A. Zona Norte|Tigre|Nordelta|QBay Yacht|,13
455,|Argentina|Bs.As. G.B.A. Zona Sur|San Vicente|San Vicente|,13
456,|Argentina|Entre Ríos|Victoria|,13
457,|Argentina|Bs.As. G.B.A. Zona Norte|Tigre|Barrancas de San Jose|,13
458,|Argentina|Bs.As. G.B.A. Zona Oeste|Moreno|Haras María Elena|,13
459,|Argentina|Bs.As. G.B.A. Zona Norte|Escobar|El Cazador|,13
460,|Argentina|Bs.As. G.B.A. Zona Sur|Ezeiza|Carlos Spegazzini|,13
461,"|Argentina|Bs.As. G.B.A. Zona Sur|Berazategui|Barrio Cerrado ""Los Ombúes de Hudson""|",13
462,|Argentina|Buenos Aires Interior|Campana|,13
463,|Argentina|Buenos Aires Costa Atlántica|Mar del Plata|Parque Luro|,13
464,|Argentina|Bs.As. G.B.A. Zona Sur|La Plata|San Carlos|,13
465,|Argentina|Buenos Aires Costa Atlántica|Mar del Plata|Villa Primera|,12
466,|Argentina|Buenos Aires Costa Atlántica|Mar del Plata|Caisamar|,12
467,|Argentina|Buenos Aires Costa Atlántica|Ostende|,12
468,|Argentina|Córdoba|Potrero de Garay|,12
469,"|Argentina|Bs.As. G.B.A. Zona Norte|Pilar|Barrio Cerrado ""Ayres Plaza""|",12
470,|Argentina|Bs.As. G.B.A. Zona Sur|Berazategui|Altos de Hudson II|,12
471,|Argentina|Bs.As. G.B.A. Zona Norte|Malvinas Argentinas|Ingeniero Adolfo Sourdeaux|,12
472,|Argentina|Buenos Aires Costa Atlántica|Mar del Plata|Playa Varese|,12
473,|Argentina|Bs.As. G.B.A. Zona Norte|Escobar|Matheu|,12
474,|Argentina|Buenos Aires Interior|Brandsen|,12
475,|Argentina|Bs.As. G.B.A. Zona Sur|Ezeiza|La Unión|,12
476,|Argentina|Córdoba|Villa María|,12
477,|Argentina|Bs.As. G.B.A. Zona Oeste|Moreno|Haras María Victoria|,12
478,|Argentina|Bs.As. G.B.A. Zona Oeste|Merlo|Libertad|,12
479,|Argentina|Bs.As. G.B.A. Zona Norte|Tigre|Pacheco Golf Club|,12
480,|Argentina|Bs.As. G.B.A. Zona Norte|Pilar|San Francisco Club de Campo|,12
481,|Argentina|Bs.As. G.B.A. Zona Oeste|La Matanza|Villa Celina|,12
482,|Argentina|Chaco|Presidencia Roque Sáenz Peña|,12
483,|Argentina|Buenos Aires Costa Atlántica|Mar del Plata|San Carlos|,12
484,|Argentina|Bs.As. G.B.A. Zona Norte|Tigre|Talar del lago 2|,12
485,"|Argentina|Bs.As. G.B.A. Zona Norte|Pilar|Barrio Cerrado ""La Montura""|",11
486,|Argentina|Bs.As. G.B.A. Zona Sur|Esteban Echeverría|Country Saint Thomas|,11
487,|Argentina|Bs.As. G.B.A. Zona Norte|Tigre|Boat Center Barrio Cerrado|,11
488,|Argentina|Córdoba|Valle Hermoso|,11
489,|Argentina|Córdoba|Villa Santa Cruz del Lago|,11
490,|Argentina|Bs.As. G.B.A. Zona Oeste|Ituzaingó|San Alberto|,11
491,|Argentina|Bs.As. G.B.A. Zona Norte|General San Martín|Villa Maipu|,11
492,|Argentina|Bs.As. G.B.A. Zona Norte|Pilar|La Martinica|,11
493,|Argentina|Bs.As. G.B.A. Zona Norte|Pilar|Pilar del Lago|,11
494,|Argentina|Río Negro|Viedma|,11
495,|Argentina|San Luis|Potrero de los Funes|,11
496,|Argentina|Bs.As. G.B.A. Zona Norte|Escobar|Barrio San Matías|,11
497,|Argentina|Córdoba|Luque|,11
498,|Argentina|Bs.As. G.B.A. Zona Norte|Pilar|Altos del Pilar|,11
499,|Argentina|Bs.As. G.B.A. Zona Norte|Tigre|Dique Luján|,11
500,|Argentina|Bs.As. G.B.A. Zona Norte|Tigre|San Juan|,11
501,|Argentina|Bs.As. G.B.A. Zona Oeste|Tres de Febrero|Pablo Podestá|,11
502,|Argentina|Bs.As. G.B.A. Zona Sur|Lomas de Zamora|San José|,11
503,|Argentina|Buenos Aires Interior|Carmen de Areco|,11
504,|Argentina|Bs.As. G.B.A. Zona Oeste|Moreno|San Diego Country Club|,11
505,|Argentina|Bs.As. G.B.A. Zona Oeste|Tres de Febrero|Villa Raffo|,10
506,|Argentina|Bs.As. G.B.A. Zona Norte|Escobar|Fincas del Lago|,10
507,|Argentina|Neuquén|,10
508,|Argentina|Bs.As. G.B.A. Zona Norte|Tigre|Valle Claro|,10
509,|Argentina|Bs.As. G.B.A. Zona Sur|Esteban Echeverría|Echeverría del Lago|,10
510,|Argentina|Bs.As. G.B.A. Zona Norte|Pilar|Club de Campo Pueyrredón|,10
511,|Argentina|Córdoba|La Cumbre|,10
512,|Argentina|Mendoza|Dorrego|,10
513,|Argentina|Bs.As. G.B.A. Zona Norte|Pilar|Martindale Country Club|,10
514,|Argentina|Córdoba|Villa Cura Brochero|,10
515,|Argentina|Bs.As. G.B.A. Zona Norte|Tigre|Nordelta|Barrio Las Glorietas|,10
516,|Argentina|Neuquén|Rincón de los Sauces|,10
517,|Argentina|Córdoba|La Falda|,10
518,"|Argentina|Bs.As. G.B.A. Zona Norte|Tigre|Barbarita, Barrio Cerrado|",10
519,|Argentina|Bs.As. G.B.A. Zona Norte|Tigre|Nordelta|Barrio La Isla|,10
520,|Argentina|Neuquén|Plottier|,10
521,|Argentina|Bs.As. G.B.A. Zona Norte|Malvinas Argentinas|Malvinas Argentinas|,10
522,|Argentina|Bs.As. G.B.A. Zona Oeste|Marcos Paz|,10
523,|Argentina|Bs.As. G.B.A. Zona Norte|Tigre|Barrio Santa Clara|,10
524,|Argentina|San Luis|La Punta|,10
525,|Argentina|Salta|Cerrillos|,9
526,|Argentina|Bs.As. G.B.A. Zona Norte|Tigre|Barrio San Isidro Labrador|,9
527,|Argentina|Bs.As. G.B.A. Zona Sur|Esteban Echeverría|Brickland|,9
528,|Argentina|Bs.As. G.B.A. Zona Sur|Cañuelas|,9
529,|Argentina|San Juan|San Juan|,9
530,|Argentina|Bs.As. G.B.A. Zona Sur|Berazategui|Platanos|,9
531,|Argentina|Buenos Aires Interior|Berisso|,9
532,|Argentina|Bs.As. G.B.A. Zona Sur|La Plata|Lisandro Olmos|,9
533,|Argentina|Bs.As. G.B.A. Zona Norte|Escobar|Santa Isabel|,9
534,|Argentina|Buenos Aires Costa Atlántica|Mar del Plata|Pompeya|,9
535,|Argentina|Buenos Aires Costa Atlántica|Nueva Atlantis|,9
536,|Argentina|Bs.As. G.B.A. Zona Norte|General San Martín|Villa Bonich|,9
537,|Argentina|Bs.As. G.B.A. Zona Norte|Pilar|Los Pilares - Barrio Privado|,9
538,|Argentina|Salta|Cafayate|,9
539,|Argentina|Córdoba|Huerta Grande|,9
540,|Argentina|Bs.As. G.B.A. Zona Norte|Escobar|Miraflores Country Club|,9
541,|Argentina|Córdoba|Capilla del Monte|,9
542,|Argentina|Santa Fe|Las Rosas|,9
543,|Argentina|Córdoba|Salsipuedes|,9
544,|Argentina|Bs.As. G.B.A. Zona Norte|Pilar|Barrio Santa Guadalupe - Pilar del Este|,9
545,|Argentina|Entre Ríos|Concepción del Uruguay|,9
546,|Argentina|Buenos Aires Interior|Trenque Lauquen|,9
547,|Argentina|Bs.As. G.B.A. Zona Norte|Pilar|Pilar Village|,9
548,|Argentina|Bs.As. G.B.A. Zona Sur|Almirante Brown|Don Orione|,8
549,|Argentina|Bs.As. G.B.A. Zona Sur|Avellaneda|Dock Sud|,8
550,|Argentina|Santa Fe|Avellaneda|,8
551,|Argentina|Córdoba|Miramar|,8
552,|Argentina|Bs.As. G.B.A. Zona Norte|Tigre|Hacoaj Barrio Cerrado|,8
553,|Argentina|Buenos Aires Interior|Adolfo Alsina|,8
554,|Argentina|Buenos Aires Interior|Zárate|,8
555,|Argentina|Córdoba|Villa del Totoral|,8
556,|Argentina|Bs.As. G.B.A. Zona Norte|General San Martín|Barrio Parque General San Martin|,8
557,|Argentina|Río Negro|,8
558,|Argentina|San Juan|Desamparados|,8
559,|Argentina|Bs.As. G.B.A. Zona Norte|Tigre|Ricardo Rojas|,8
560,|Argentina|Corrientes|Paso de la Patria|,8
561,|Argentina|Santa Fe|Gálvez|,8
562,|Argentina|Tierra Del Fuego|Ushuaia|,8
563,|Argentina|Córdoba|Achiras|,8
564,|Argentina|Bs.As. G.B.A. Zona Norte|Pilar|Haras del Pilar - El Establo|,8
565,|Argentina|Chubut|Trevelín|,7
566,|Argentina|Bs.As. G.B.A. Zona Sur|Berazategui|Las Golondrinas|,7
567,|Argentina|Buenos Aires Costa Atlántica|Mar del Plata|San Juan|,7
568,|Argentina|Bs.As. G.B.A. Zona Norte|Escobar|Barrio Privado El Recodo  S.A.|,7
569,|Argentina|Bs.As. G.B.A. Zona Sur|Florencio Varela|Ingeniero Juan Allan|,7
570,|Argentina|Bs.As. G.B.A. Zona Oeste|La Matanza|Gregorio de Laferrere|,7
571,|Argentina|Bs.As. G.B.A. Zona Norte|Pilar|La Angélica|,7
572,|Argentina|Buenos Aires Costa Atlántica|Mar del Plata|Terminal Vieja|,7
573,|Argentina|Bs.As. G.B.A. Zona Sur|Avellaneda|Crucecita|,7
574,|Argentina|Entre Ríos|Nogoyá|,7
575,|Argentina|Bs.As. G.B.A. Zona Norte|Pilar|Village Golf & Tennis Country Club|,7
576,|Argentina|Bs.As. G.B.A. Zona Oeste|General Rodríguez|Country Club Las lajas|,7
577,"|Argentina|Bs.As. G.B.A. Zona Norte|Pilar|Barrio Cerrado ""Los Potrillos""|",7
578,|Argentina|Buenos Aires Interior|Zárate|Zárate|,7
579,|Argentina|Bs.As. G.B.A. Zona Norte|Pilar|Altos del Golf|,7
580,|Argentina|Bs.As. G.B.A. Zona Sur|Esteban Echeverría|El Centauro|,7
581,|Argentina|Córdoba|Almafuerte|,7
582,|Argentina|Bs.As. G.B.A. Zona Oeste|La Matanza|González Catán|,7
583,|Argentina|Bs.As. G.B.A. Zona Norte|Escobar|Barrio Cerrado El Lucero|,7
584,|Argentina|Bs.As. G.B.A. Zona Oeste|General Rodríguez|Haras San Pablo|,7
585,|Argentina|Buenos Aires Costa Atlántica|Mar del Plata|Punta Mogotes|,7
586,|Argentina|Bs.As. G.B.A. Zona Sur|La Plata|Arturo Seguí|,7
587,|Argentina|Buenos Aires Costa Atlántica|Mar del Sur|,7
588,|Argentina|Bs.As. G.B.A. Zona Oeste|General Rodríguez|La Cesarina|,7
589,|Argentina|Neuquén|Centenario|,7
590,|Argentina|Córdoba|Saldán|,7
591,|Argentina|Bs.As. G.B.A. Zona Norte|Pilar|Zelaya|,7
592,|Argentina|Bs.As. G.B.A. Zona Norte|Escobar|Barrio Marinas|,7
593,|Argentina|Buenos Aires Interior|Chascomús|,7
594,|Argentina|San Juan|,7
595,|Argentina|Córdoba|Anisacate|,7
596,|Argentina|Córdoba|Ascochinga|,7
597,|Argentina|Buenos Aires Costa Atlántica|Mar Chiquita|,7
598,|Argentina|Buenos Aires Costa Atlántica|Mar del Plata|Plaza Rocha|,7
599,|Argentina|Bs.As. G.B.A. Zona Sur|La Plata|Ringuelet|,6
600,|Argentina|San Juan|Rivadavia|,6
601,|Argentina|Buenos Aires Interior|Campana|Campana|,6
602,|Argentina|Capital Federal|Villa Riachuelo|,6
603,|Argentina|Santa Fe|San Jorge|,6
604,|Argentina|Bs.As. G.B.A. Zona Norte|Pilar|La Lonja|,6
605,|Argentina|Santa Fe|Recreo|,6
606,|Argentina|Córdoba|Bialet Massé|,6
607,|Argentina|Bs.As. G.B.A. Zona Oeste|La Matanza|Aldo Bonzi|,6
608,|Argentina|Buenos Aires Costa Atlántica|Mar del Plata|Punta Iglesia|,6
609,|Argentina|Bs.As. G.B.A. Zona Norte|Escobar|Barrio Ceibos|,6
610,|Argentina|Córdoba|Villa Parque Siquiman|,6
611,|Argentina|Salta|La Caldera|,6
612,|Argentina|Tierra Del Fuego|,6
613,|Argentina|Buenos Aires Interior|San Miguel del Monte|San Miguel del Monte|,6
614,|Argentina|Córdoba|Agua de Oro|,6
615,|Argentina|Bs.As. G.B.A. Zona Sur|Avellaneda|Piñeiro|,6
616,|Argentina|Bs.As. G.B.A. Zona Oeste|Ituzaingó|El Casco de Leloir|,6
617,|Argentina|Bs.As. G.B.A. Zona Norte|Tigre|Nordelta|Islas del Canal|,6
618,|Argentina|Bs.As. G.B.A. Zona Norte|Tigre|Marinas Golf Barrio Cerrado|,6
619,|Argentina|Bs.As. G.B.A. Zona Norte|Tigre|Barrancas de Santa María|,6
620,|Argentina|Bs.As. G.B.A. Zona Oeste|Moreno|Prados del Oeste|,6
621,|Argentina|Bs.As. G.B.A. Zona Norte|Pilar|Manzone|,6
622,|Argentina|Salta|Rosario de Lerma|,6
623,|Argentina|Bs.As. G.B.A. Zona Sur|Almirante Brown|Ministro Rivadavia|,6
624,|Argentina|Bs.As. G.B.A. Zona Oeste|Moreno|Trujui|,6
625,|Argentina|Buenos Aires Interior|Baradero|,6
626,|Argentina|Bs.As. G.B.A. Zona Sur|Florencio Varela|Villa Vatteone|,6
627,|Argentina|Entre Ríos|Federación|,5
628,|Argentina|Bs.As. G.B.A. Zona Oeste|Tres de Febrero|José Ingenieros|,5
629,|Argentina|Mendoza|El Sauce|,5
630,|Argentina|Bs.As. G.B.A. Zona Norte|Tigre|Troncos del Talar|,5
631,|Argentina|Buenos Aires Interior|General Alvarado|Comandante Nicanor Otamendi|,5
632,|Argentina|Bs.As. G.B.A. Zona Sur|San Vicente|Fincas de San Vicente|,5
633,|Argentina|Buenos Aires Interior|Olavarría|,5
634,|Argentina|Bs.As. G.B.A. Zona Norte|Escobar|Los Angeles Village|,5
635,|Argentina|Bs.As. G.B.A. Zona Sur|Berazategui|Sourigues|,5
636,|Argentina|Santa Fe|San José del Rincón|,5
637,|Argentina|Buenos Aires Costa Atlántica|Mar del Plata|Pinos de Anchorena|,5
638,|Argentina|Bs.As. G.B.A. Zona Norte|Pilar|Pilar Green Park|,5
639,|Argentina|Bs.As. G.B.A. Zona Norte|Pilar|Armenia Country Club|,5
640,|Argentina|Bs.As. G.B.A. Zona Norte|Escobar|Country Club Aranjuez|,5
641,|Argentina|Córdoba|Oliva|,5
642,|Argentina|Bs.As. G.B.A. Zona Sur|Almirante Brown|San Jose|,5
643,|Argentina|Neuquén|Junin de los Andes|,5
644,|Argentina|Córdoba|Colonia Tirolesa|,5
645,|Argentina|Buenos Aires Interior|Lobos|Empalme Lobos|,5
646,|Argentina|Bs.As. G.B.A. Zona Sur|La Plata|Etcheverry|,5
647,|Argentina|Buenos Aires Interior|San Andrés de Giles|,5
648,|Argentina|Santa Fe|San Jerónimo Norte|,5
649,|Argentina|Buenos Aires Interior|Ensenada|Punta Lara|,5
650,|Argentina|Buenos Aires Interior|Pergamino|Pergamino|,5
651,|Argentina|Santa Fe|Las Parejas|,5
652,|Argentina|Chubut|Rada Tilly|,5
653,|Argentina|Mendoza|Junín|,5
654,|Argentina|Bs.As. G.B.A. Zona Sur|Almirante Brown|Malvinas Argentinas|,5
655,|Argentina|Buenos Aires Interior|San Andrés de Giles|San Andrés de Giles|,5
656,|Argentina|Mendoza|Malargüe|,5
657,|Argentina|Buenos Aires Interior|Pehuajó|Pehuajó|,5
658,|Argentina|Buenos Aires Costa Atlántica|Punta Alta|,5
659,|Argentina|Bs.As. G.B.A. Zona Sur|La Plata|Haras del Sur I|,5
660,|Argentina|Buenos Aires Costa Atlántica|Mar del Plata|Los Acantilados|,5
661,|Argentina|Buenos Aires Interior|General Las Heras|,5
662,|Argentina|Córdoba|Embalse|,5
663,|Argentina|Misiones|Cerro Azul|,5
664,|Argentina|Entre Ríos|San Benito|,4
665,|Argentina|Bs.As. G.B.A. Zona Sur|Berazategui|Guillermo Hudson|,4
666,|Argentina|Bs.As. G.B.A. Zona Norte|Escobar|Rincón de Maschwitz|,4
667,"|Argentina|Bs.As. G.B.A. Zona Norte|Pilar|Barrio Privado ""Lomas de Fátima""|",4
668,|Argentina|Santa Fe|San Carlos Centro|,4
669,|Argentina|Bs.As. G.B.A. Zona Oeste|Merlo|Barrio Parque San Martin|,4
670,|Argentina|Bs.As. G.B.A. Zona Norte|Pilar|Villa Astolfi|,4
671,|Argentina|Buenos Aires Interior|Bahía Blanca|Naposta|,4
672,|Argentina|Bs.As. G.B.A. Zona Norte|San Isidro|San Isidro Chico|,4
673,|Argentina|Capital Federal|Catalinas|,4
674,|Argentina|Bs.As. G.B.A. Zona Norte|Pilar|Medal Country Club|,4
675,|Argentina|Buenos Aires Interior|Chivilcoy|Chivilcoy|,4
676,|Argentina|Bs.As. G.B.A. Zona Norte|San Fernando|Bahía del Sol|,4
677,|Argentina|Buenos Aires Costa Atlántica|Mar del Plata|Barrio Alto Camet|,4
678,|Argentina|Bs.As. G.B.A. Zona Norte|Escobar|Los Robles de Maschwitz|,4
679,|Argentina|Bs.As. G.B.A. Zona Sur|La Plata|Melchor Romero|,4
680,|Argentina|Entre Ríos|Oro Verde|,4
681,|Argentina|Santa Fe|Colastiné|,4
682,|Argentina|Córdoba|Nono|,4
683,|Argentina|Bs.As. G.B.A. Zona Norte|Pilar|Galapagos Country Club|,4
684,|Argentina|Río Negro|General Fernández Oro|,4
685,|Argentina|Santa Fe|Sauce Viejo|,4
686,|Argentina|Río Negro|Las Grutas|,4
687,|Argentina|Mendoza|Tunuyán|,4
688,|Argentina|Bs.As. G.B.A. Zona Oeste|General Rodríguez|Terravista Barrio Privado|,4
689,|Argentina|Bs.As. G.B.A. Zona Norte|Escobar|El Canton Barrio Puerto|,4
690,|Argentina|Córdoba|Río Segundo|,4
691,|Argentina|Santa Fe|Pueblo Esther|,4
692,|Argentina|Buenos Aires Costa Atlántica|Mar del Plata|Barrio San Juan|,4
693,|Argentina|Bs.As. G.B.A. Zona Norte|Pilar|Tortugas Country Club|,4
694,|Argentina|Chubut|Rawson|,4
695,|Argentina|Córdoba|Villa de Las Rosas|,4
696,|Argentina|Bs.As. G.B.A. Zona Norte|Tigre|Nordelta|Barrio Los Sauces|,4
697,|Argentina|Buenos Aires Costa Atlántica|Mar del Plata|Don Bosco|,4
698,|Argentina|Buenos Aires Interior|Olavarría|Olavarría|,4
699,|Argentina|Bs.As. G.B.A. Zona Norte|Tigre|Nordelta|Barrio Barrancas del Lago|,4
700,|Argentina|Bs.As. G.B.A. Zona Norte|José C Paz|Tortuguitas|,4
701,"|Argentina|Bs.As. G.B.A. Zona Norte|Pilar|Barrio Privado ""Ayres de Pilar""|",4
702,|Argentina|Bs.As. G.B.A. Zona Norte|San Fernando|Rincon Del Arca|,4
703,|Argentina|San Juan|Rawson|,4
704,|Argentina|Córdoba|Villa Ciudad Parque Los Reartes|,4
705,|Argentina|Entre Ríos|San José|,4
706,|Argentina|Córdoba|Cruz del Eje|,4
707,|Argentina|Buenos Aires Costa Atlántica|Mar del Plata|Primera Junta|,4
708,|Argentina|Santa Fe|Los Laureles|,4
709,|Argentina|Bs.As. G.B.A. Zona Oeste|Merlo|Pontevedra|,4
710,|Argentina|Buenos Aires Interior|Capitán Sarmiento|Capitán Sarmiento|,4
711,|Argentina|Bs.As. G.B.A. Zona Oeste|Moreno|Cuartel V|,4
712,|Argentina|Bs.As. G.B.A. Zona Norte|Escobar|Los Horneros CC|,4
713,|Argentina|Córdoba|La Paz|,4
714,|Argentina|Santa Fe|Arocena|,4
715,|Argentina|Córdoba|Malvinas Argentinas|,4
716,|Argentina|Buenos Aires Interior|General Alvarado|,4
717,|Argentina|Bs.As. G.B.A. Zona Norte|Escobar|Barrio Araucarias|,4
718,|Argentina|Córdoba|Hernando|,3
719,|Argentina|Bs.As. G.B.A. Zona Sur|La Plata|Grand Bell|,3
720,|Argentina|Misiones|Candelaria|,3
721,|Argentina|Córdoba|Villa Parque Santa Ana|,3
722,|Argentina|Chaco|Barranqueras|,3
723,|Argentina|Buenos Aires Interior|Carlos Casares|,3
724,|Argentina|Santa Fe|Monte Vera|,3
725,|Argentina|Buenos Aires Costa Atlántica|Camet|,3
726,|Argentina|Bs.As. G.B.A. Zona Sur|Cañuelas|Uribelarrea|,3
727,|Argentina|Misiones|Puerto Iguazú|,3
728,|Argentina|Buenos Aires Costa Atlántica|Las Gaviotas|,3
729,|Argentina|La Pampa|Toay|,3
730,"|Argentina|Bs.As. G.B.A. Zona Norte|Pilar|Barrio Cerrado ""Sausalito""|",3
731,|Argentina|Río Negro|Choele Choel|,3
732,|Argentina|Buenos Aires Interior|Exaltación de la Cruz|Los Cardales|,3
733,|Argentina|Córdoba|Despeñaderos|,3
734,|Argentina|Entre Ríos|Villa Urquiza|,3
735,|Argentina|Buenos Aires Costa Atlántica|Mar del Plata|Barrio La Perla Norte|,3
736,|Argentina|Bs.As. G.B.A. Zona Norte|Escobar|Campo Chico Country Club|,3
737,|Argentina|Mendoza|Buena Nueva|,3
738,|Argentina|Bs.As. G.B.A. Zona Norte|Pilar|Campo Grande Country Club|,3
739,|Argentina|Bs.As. G.B.A. Zona Sur|Lomas de Zamora|Villa Fiorito|,3
740,|Argentina|Bs.As. G.B.A. Zona Sur|Esteban Echeverría|9 de Abril|,3
741,|Argentina|Bs.As. G.B.A. Zona Norte|Escobar|Country Maschwitz Privado|,3
742,|Argentina|Buenos Aires Costa Atlántica|Mar del Plata|Mundialista|,3
743,|Argentina|Córdoba|Los Molinos|,3
744,|Argentina|Córdoba|Balnearia|,3
745,|Argentina|Bs.As. G.B.A. Zona Sur|Berazategui|El Pato|,3
746,|Argentina|Córdoba|San Javier/Yacanto|,3
747,|Argentina|Bs.As. G.B.A. Zona Norte|General San Martín|Villa Monteagudo|,3
748,|Argentina|Buenos Aires Costa Atlántica|Mar del Plata|Los Pinares|,3
749,|Argentina|Córdoba|Las Calles|,3
750,"|Argentina|Bs.As. G.B.A. Zona Norte|San Fernando|Barrio Cerrado ""Tres Horquetas""|",3
751,"|Argentina|Bs.As. G.B.A. Zona Norte|Pilar|Barrio Cerrado ""Los Alcanfores""|",3
752,|Argentina|Córdoba|Laboulaye|,3
753,|Argentina|Córdoba|Los Cocos|,3
754,|Argentina|Bs.As. G.B.A. Zona Norte|Tigre|Villa Pacheco|,3
755,|Argentina|Santa Fe|San Javier|,3
756,|Argentina|Buenos Aires Interior|Brandsen|Campos de Roca|,3
757,|Argentina|Santiago Del Estero|,3
758,|Argentina|Bs.As. G.B.A. Zona Norte|Pilar|Bermudas Country Club|,3
759,|Argentina|Bs.As. G.B.A. Zona Norte|Tigre|Nordelta|Barrio Cabos del Lago|,3
760,|Argentina|Bs.As. G.B.A. Zona Norte|Escobar|Barrio Acacias|,3
761,|Argentina|Buenos Aires Interior|Exaltación de la Cruz|Capilla del Señor|,3
762,|Argentina|Buenos Aires Interior|Ensenada|,3
763,|Argentina|La Pampa|,3
764,"|Argentina|Bs.As. G.B.A. Zona Norte|Pilar|Barrio Cerrado ""La Cautiva del Pilar""|",3
765,|Argentina|Bs.As. G.B.A. Zona Oeste|Moreno|Barrio cerrado Santa Ana|,3
766,|Argentina|Córdoba|Las Varillas|,3
767,|Argentina|Bs.As. G.B.A. Zona Norte|Pilar|Pilar Golf Country Club|,3
768,|Argentina|Catamarca|,3
769,|Argentina|Corrientes|Corrientes|,3
770,|Argentina|Bs.As. G.B.A. Zona Norte|Escobar| Country Maschwitz Club|,3
771,|Argentina|Buenos Aires Costa Atlántica|Dunamar|,3
772,|Argentina|Córdoba|Pilar|,3
773,|Argentina|Bs.As. G.B.A. Zona Norte|Pilar|Larena Country Club|,3
774,|Argentina|San Luis|El Volcán|,3
775,|Argentina|Bs.As. G.B.A. Zona Norte|Pilar|Haras del Pilar - La Caballeriza|,3
776,|Argentina|Bs.As. G.B.A. Zona Sur|San Vicente|Domselaar|,3
777,|Argentina|Bs.As. G.B.A. Zona Norte|Tigre|Benavidez Greens|,3
778,|Argentina|Buenos Aires Interior|Campana|Alto Los Cardales|,3
779,|Argentina|Bs.As. G.B.A. Zona Norte|Escobar|Barrio Cerrado Fincas de Maschwitz|,3
780,|Argentina|Bs.As. G.B.A. Zona Oeste|Merlo|Mariano Acosta|,3
781,|Argentina|Buenos Aires Interior|Exaltación de la Cruz|El Remanso|,3
782,"|Argentina|Bs.As. G.B.A. Zona Norte|Pilar|Barrio Cerrado ""Los Condes""|",3
783,|Argentina|Bs.As. G.B.A. Zona Sur|Ezeiza|Terralagos|,3
784,"|Argentina|Bs.As. G.B.A. Zona Norte|Pilar|Barrio Cerrado ""La Cañada de Pilar""|",3
785,|Argentina|Buenos Aires Costa Atlántica|Chapadmalal|,3
786,|Argentina|Buenos Aires Interior|Lincoln|,3
787,|Argentina|Santa Fe|Timbúes|,3
788,|Argentina|Buenos Aires Interior|General Las Heras|General Las Heras|,3
789,|Argentina|Córdoba|San Vicente|,3
790,|Argentina|Bs.As. G.B.A. Zona Norte|Pilar|Country Farm Club|,3
791,|Argentina|Buenos Aires Interior|Lobos|Salvador María|,3
792,|Argentina|Corrientes|Bella Vista|,3
793,"|Argentina|Bs.As. G.B.A. Zona Norte|Pilar|Barrio Cerrado ""Roble Joven""|",2
794,|Argentina|Buenos Aires Costa Atlántica|Mar del Plata|Alem|,2
795,|Argentina|Córdoba|Mayu Sumaj|,2
796,|Argentina|Córdoba|Sinsacate|,2
797,|Argentina|Bs.As. G.B.A. Zona Sur|Cañuelas|Club de Campo La Martona|,2
798,|Argentina|Salta|San Ramón de la Nueva Orán|,2
799,"|Argentina|Bs.As. G.B.A. Zona Norte|San Miguel|Barrio Cerrado ""Buenos Aires Village""|",2
800,|Argentina|Santa Fe|Fray Luis Beltrán|,2
801,|Argentina|Córdoba|Villa de Soto|,2
802,|Argentina|Buenos Aires Interior|Campana|Cardales Country Club|,2
803,|Argentina|Bs.As. G.B.A. Zona Norte|San Miguel|San Miguel de Ghiso|,2
804,|Argentina|Córdoba|Falda del Carmen|,2
805,|Argentina|Córdoba|Villa Nueva|,2
806,|Argentina|Bs.As. G.B.A. Zona Sur|Berazategui|Gutierrez|,2
807,|Argentina|Córdoba|Villa Los Aromos|,2
808,|Argentina|Santa Fe|Pueblo Andino|,2
809,|Argentina|Bs.As. G.B.A. Zona Norte|Tigre|Hindu Club|,2
810,|Argentina|Córdoba|Manfredi|,2
811,|Argentina|Buenos Aires Interior|Magdalena|,2
812,|Argentina|Bs.As. G.B.A. Zona Norte|Pilar|El Molino|,2
813,|Argentina|Catamarca|Santa María|,2
814,|Argentina|Buenos Aires Interior|Lobería|,2
815,|Argentina|Buenos Aires Interior|Luján|Torres|,2
816,|Argentina|Bs.As. G.B.A. Zona Norte|Pilar|Los Tres Coniles|,2
817,|Argentina|Bs.As. G.B.A. Zona Norte|Escobar|Club de Campo Aranzazu|,2
818,|Argentina|Córdoba|La Cumbrecita|,2
819,"|Argentina|Bs.As. G.B.A. Zona Norte|Pilar|Barrio Cerrado ""Los Senderos""|",2
820,|Argentina|Bs.As. G.B.A. Zona Norte|Escobar|San Lucas Village|,2
821,|Argentina|Santa Fe|Alvear|,2
822,"|Argentina|Bs.As. G.B.A. Zona Norte|Pilar|Barrio Cerrado ""Los Fresnos""|",2
823,|Argentina|Santa Fe|Bella Italia|,2
824,|Argentina|Catamarca|La Falda|,2
825,|Argentina|Buenos Aires Costa Atlántica|Mar del Plata|Hermitage|,2
826,|Argentina|Buenos Aires Costa Atlántica|Mar del Plata|Barrio Sarmiento|,2
827,|Argentina|Santa Fe|Cayastá|,2
828,|Argentina|Buenos Aires Interior|Carlos Casares|Carlos Casares|,2
829,|Argentina|Córdoba|Villa Cerro Azul|,2
830,|Argentina|Tucumán|Lules|,2
831,|Argentina|Mendoza|San Carlos|,2
832,|Argentina|Santa Cruz|Cañadón Seco|,2
833,|Argentina|Buenos Aires Interior|Campana|Lomas del Río Luján|,2
834,|Argentina|Córdoba|El Manzano|,2
835,|Argentina|Bs.As. G.B.A. Zona Norte|Pilar|Barrio Parque Almirante Irízar|,2
836,|Argentina|Bs.As. G.B.A. Zona Sur|Quilmes|San Francisco Solano|,2
837,|Argentina|Entre Ríos|Villa Elisa|,2
838,|Argentina|La Rioja|La Rioja|,2
839,|Argentina|Bs.As. G.B.A. Zona Norte|Escobar|Barrio Vistas|,2
840,"|Argentina|Bs.As. G.B.A. Zona Norte|Pilar|Barrio Cerrado ""La Tranquera""|",2
841,"|Argentina|Bs.As. G.B.A. Zona Norte|Pilar|Barrio Cerrado ""Soles de Pilar""|",2
842,|Argentina|Santa Fe|Arroyo Seco|,2
843,|Argentina|Bs.As. G.B.A. Zona Oeste|Moreno|St. Patrick Country|,2
844,|Argentina|Buenos Aires Costa Atlántica|Mar del Plata|Chapadmalal|,2
845,|Argentina|Bs.As. G.B.A. Zona Norte|Escobar|Barrio Parque Matheu|,2
846,|Argentina|Bs.As. G.B.A. Zona Norte|Escobar|Barrio Alamo Alto|,2
847,|Argentina|Buenos Aires Interior|Punta Indio|Verónica|,2
848,|Argentina|San Luis|Carpintería|,2
849,|Argentina|Entre Ríos|Santa Luisa|,2
850,|Argentina|Santa Fe|Providencia|,2
851,|Argentina|Bs.As. G.B.A. Zona Norte|Tigre|Rincón de la Costa|,2
852,|Argentina|Corrientes|,2
853,|Argentina|Bs.As. G.B.A. Zona Norte|Pilar|Barrio San Eduardo - Pilar del Este|,2
854,|Argentina|Buenos Aires Interior|Luján|Carlos Keen|,2
855,|Argentina|Buenos Aires Interior|Veinticinco de Mayo|,2
856,|Argentina|Bs.As. G.B.A. Zona Norte|Malvinas Argentinas|Barrio Cerrado Los Abedules|,2
857,|Argentina|Córdoba|Bell Ville|,2
858,|Argentina|Santa Fe|Desvío Arijón|,2
859,|Argentina|Salta|Campo Quijano|,2
860,|Argentina|Santa Fe|Ricardone|,2
861,|Argentina|Córdoba|San Roque|,2
862,|Argentina|Catamarca|San Fernando del Valle de Catamarca|,2
863,|Argentina|Bs.As. G.B.A. Zona Sur|Cañuelas|Vicente Casares|,2
864,|Argentina|Bs.As. G.B.A. Zona Norte|Pilar|Barrio La Cuesta|,2
865,|Argentina|Bs.As. G.B.A. Zona Sur|Cañuelas|Máximo Paz|,2
866,|Argentina|Misiones|Puerto Esperanza|,2
867,|Argentina|Córdoba|San Clemente|,2
868,|Argentina|Bs.As. G.B.A. Zona Norte|Tigre|Lomas de Benavidez|,2
869,|Argentina|Bs.As. G.B.A. Zona Norte|Pilar|Barrio Los Jazmines - Pilar del Este|,2
870,|Argentina|Bs.As. G.B.A. Zona Sur|Esteban Echeverría|El Jagüel|,2
871,|Argentina|Bs.As. G.B.A. Zona Sur|Berazategui|Ex La Ponderosa|,2
872,|Argentina|Buenos Aires Interior|San Nicolás de los Arroyos|,2
873,|Argentina|Bs.As. G.B.A. Zona Norte|San Miguel|San Miguel Oeste|,2
874,|Argentina|Córdoba|Villa Icho Cruz|,2
875,|Argentina|Córdoba|Monte Cristo|,2
876,|Argentina|Mendoza|Nueva Ciudad|,2
877,|Argentina|Mendoza|Villa Nueva|,2
878,|Argentina|Bs.As. G.B.A. Zona Sur|Ezeiza|Aeropuerto Internacional Ezeiza|,2
879,|Argentina|Buenos Aires Costa Atlántica|Mar del Plata|Barrio Fortunato de La Plaza|,2
880,|Argentina|San Luis|El Trapiche|,2
881,|Argentina|Buenos Aires Interior|Mercedes|Mercedes|,2
882,|Argentina|Entre Ríos|Caseros|,2
883,|Argentina|Santa Fe|Empalme Villa Constitución|,2
884,|Argentina|San Juan|Santa Lucía|,2
885,|Argentina|Buenos Aires Costa Atlántica|Mar del Plata|Puerto|,2
886,|Argentina|Bs.As. G.B.A. Zona Norte|Pilar|Los Sauces Country Club|,2
887,|Argentina|Bs.As. G.B.A. Zona Sur|Berazategui|Club El Carmen - Sector casas|,2
888,|Argentina|Buenos Aires Costa Atlántica|Mar del Plata|Bosque Peralta Ramos|,2
889,|Argentina|Buenos Aires Interior|Capitán Sarmiento|,2
890,|Argentina|Buenos Aires Interior|Azul|Azul|,2
891,|Argentina|Córdoba|Río Primero|,2
892,|Argentina|Buenos Aires Interior|Coronel Dorrego|,2
893,|Argentina|Córdoba|Las Palmas|,2
894,|Argentina|Santa Fe|Arroyo Leyes|,2
895,|Argentina|Buenos Aires Interior|Tornquist|,2
896,|Argentina|Chaco|Colonia Benitez|,2
897,|Argentina|Bs.As. G.B.A. Zona Norte|Pilar|Fátima|,2
898,|Argentina|Bs.As. G.B.A. Zona Norte|Pilar|Barrio Cerrado|,2
899,|Argentina|Bs.As. G.B.A. Zona Sur|San Vicente|Barrio Privado Santa Rita|,2
900,|Argentina|Bs.As. G.B.A. Zona Norte|Pilar|Altos de Manzanares 1 y 2|,2
901,|Argentina|Bs.As. G.B.A. Zona Norte|Escobar|Maquinista Savio|,2
902,|Argentina|Bs.As. G.B.A. Zona Norte|Escobar|Altos de Matheu|,2
903,|Argentina|San Juan|Trinidad|,2
904,|Argentina|Santa Fe|Humboldt|,2
905,|Argentina|Córdoba|Los Hornillos|,2
906,|Argentina|Córdoba|Cabalango|,2
907,|Argentina|Bs.As. G.B.A. Zona Norte|San Fernando|Punta Chica Village|,2
908,|Argentina|Mendoza|San Martín|,2
909,|Argentina|Bs.As. G.B.A. Zona Norte|Vicente López|Villa Adelina|,2
910,|Argentina|Mendoza|Chacras de Coria|,2
911,|Argentina|Córdoba|Río de Los Sauces|,2
912,|Argentina|Córdoba|Villa La Bolsa|,2
913,|Argentina|Bs.As. G.B.A. Zona Norte|Pilar|Haras del Sol - Barrio Privado|,2
914,|Argentina|Bs.As. G.B.A. Zona Sur|La Plata|San Lorenzo|,2
915,|Argentina|Bs.As. G.B.A. Zona Norte|Escobar|Barrio Privado Villa Olivos|,2
916,|Argentina|Bs.As. G.B.A. Zona Oeste|Moreno|Cruce Castelar|,2
917,|Argentina|Santa Fe|Monje|,1
918,|Argentina|Misiones|Garuhapé|,1
919,|Argentina|La Pampa|Quemú Quemú|,1
920,|Argentina|Buenos Aires Interior|Bahía Blanca|Cabildo|,1
921,|Argentina|Bs.As. G.B.A. Zona Norte|General San Martín|Villa Granaderos De San Martin|,1
922,|Argentina|Bs.As. G.B.A. Zona Sur|La Plata|José Hernández|,1
923,|Argentina|Mendoza|Gobernador Benegas|,1
924,|Argentina|Bs.As. G.B.A. Zona Norte|Pilar|Saint Matthews|,1
925,|Argentina|Bs.As. G.B.A. Zona Norte|Pilar|Barrio Cerrado La Masia|,1
926,|Argentina|Buenos Aires Interior|Zárate|Lima|,1
927,|Argentina|Entre Ríos|Costa Uruguay Sur|,1
928,|Argentina|Buenos Aires Interior|Berisso|Villa Argüello|,1
929,|Argentina|Bs.As. G.B.A. Zona Norte|Tigre|El Viejo Vivero|,1
930,|Argentina|Jujuy|,1
931,|Argentina|Bs.As. G.B.A. Zona Sur|Florencio Varela|Bosques|,1
932,|Argentina|Jujuy|San Antonio|,1
933,|Argentina|San Luis|Villa Larca|,1
934,|Argentina|Misiones|Campo Grande|,1
935,|Argentina|Bs.As. G.B.A. Zona Norte|Tigre|coordenadas 34.255511|,1
936,|Argentina|Chubut|Gaiman|,1
937,"|Argentina|Bs.As. G.B.A. Zona Norte|Pilar|Barrio Cerrado ""Villa Rosa""|",1
938,|Argentina|Chaco|Pampa del Infierno|,1
939,|Argentina|Buenos Aires Costa Atlántica|Pehuen-có|,1
940,|Argentina|Buenos Aires Interior|Junín|Junín|,1
941,|Argentina|Santa Cruz|Güer Aike|,1
942,|Argentina|Tucumán|Villa Belgrano|,1
943,|Argentina|Córdoba|Villa Dolores|,1
944,|Argentina|Entre Ríos|María Grande|,1
945,|Argentina|Buenos Aires Interior|Olavarría|Rocha|,1
946,|Argentina|Santa Fe|Murphy|,1
947,|Argentina|Buenos Aires Interior|J A de la Peña|Pergamino|,1
948,|Argentina|Buenos Aires Interior|Ramallo|Ramallo|,1
949,|Argentina|Santa Cruz|El Calafate|,1
950,|Argentina|Buenos Aires Interior|Luján|Olivera|,1
951,|Argentina|Santiago Del Estero|Pinto|,1
952,|Argentina|Bs.As. G.B.A. Zona Norte|José C Paz|Golf Club Argentino|,1
953,|Argentina|Buenos Aires Costa Atlántica|Mar del Plata|Terminal Nueva|,1
954,|Argentina|Bs.As. G.B.A. Zona Norte|Pilar|La Herradura|,1
955,|Argentina|Santa Fe|Nelson|,1
956,|Argentina|Santa Fe|Serodino|,1
957,|Argentina|Buenos Aires Costa Atlántica|Mar del Plata|Playa Serena|,1
958,|Argentina|Entre Ríos|Pueblo Liebig|,1
959,|Argentina|Buenos Aires Interior|Roque Pérez|,1
960,|Argentina|Buenos Aires Interior|General Pinto|General Pinto|,1
961,|Argentina|La Pampa|Perú|,1
962,|Argentina|Santa Fe|Santa Teresa|,1
963,|Argentina|Bs.As. G.B.A. Zona Norte|Pilar|La Pilarica|,1
964,|Argentina|Buenos Aires Interior|Navarro|Navarro|,1
965,|Argentina|Santa Fe|Fighiera|,1
966,|Argentina|Buenos Aires Interior|Luján|Santa Catalina|,1
967,|Argentina|Bs.As. G.B.A. Zona Norte|San Isidro|Virasoro Village|,1
968,|Argentina|Santa Fe|Álvarez|,1
969,|Argentina|Buenos Aires Interior|Pergamino|,1
970,|Argentina|Chubut|Los Cipreses|,1
971,|Argentina|Bs.As. G.B.A. Zona Sur|Esteban Echeverría|Mi Refugio|,1
972,|Argentina|Río Negro|Cinco Saltos|,1
973,|Argentina|San Luis|Carolina|,1
974,|Argentina|Buenos Aires Interior|General Belgrano|,1
975,|Argentina|Buenos Aires Interior|Nueve de Julio|,1
976,|Argentina|Bs.As. G.B.A. Zona Sur|Lomas de Zamora|Villa Centenario|,1
977,|Argentina|Córdoba|San Esteban|,1
978,|Argentina|Mendoza|Vistalba|,1
979,|Argentina|Córdoba|Marull|,1
980,|Argentina|Chubut|Corcovado|,1
981,|Argentina|Bs.As. G.B.A. Zona Sur|Esteban Echeverría|Country Golf El Sosiego|,1
982,|Argentina|Córdoba|Villa Ciudad de América|,1
983,|Argentina|Córdoba|Santa Catalina|,1
984,|Argentina|Santa Fe|Oliveros|,1
985,|Argentina|Bs.As. G.B.A. Zona Norte|Tigre|Nordelta|Barrio Los Tilos|,1
986,|Argentina|Córdoba|Casa Grande|,1
987,|Argentina|Santa Cruz|Río Gallegos|,1
988,|Argentina|Santa Fe|San Cristóbal|,1
989,|Argentina|Buenos Aires Interior|Villarino|Pedro Luro|,1
990,|Argentina|Córdoba|La Serranita|,1
991,|Argentina|Córdoba|Laguna Larga|,1
992,|Argentina|Córdoba|Obispo Trejo|,1
993,|Argentina|Buenos Aires Interior|Laprida|,1
994,|Argentina|Córdoba|Calmayo|,1
995,|Argentina|Córdoba|Villa Fontana|,1
996,|Argentina|Córdoba|Mi Granja|,1
997,|Argentina|Bs.As. G.B.A. Zona Norte|Tigre|Nordelta|Barrio El Yacht|,1
998,"|Argentina|Bs.As. G.B.A. Zona Norte|Pilar|Barrio Cerrado ""Las Araucarias""|",1
999,|Argentina|Chaco|,1
1000,|Argentina|Buenos Aires Interior|Exaltación de la Cruz|Indio Cuá Country Club|,1
1001,|Argentina|Buenos Aires Interior|General Paz|Ranchos|,1
1002,|Argentina|Buenos Aires Costa Atlántica|Mar del Plata|Barrio Camet|,1
1003,|Argentina|Chubut|Hoyo de Epuyén|,1
1004,|Argentina|Santa Fe|Laguna Paiva|,1
1005,|Argentina|Santa Fe|Malabrigo|,1
1006,|Argentina|Buenos Aires Costa Atlántica|Mar de Cobo|,1
1007,|Argentina|Misiones|Santa Ana|,1
1008,|Argentina|Santa Fe|Emilia|,1
1009,|Argentina|Río Negro|Luis Beltrán|,1
1010,|Argentina|Bs.As. G.B.A. Zona Sur|Ezeiza|Barrio Melazzi|,1
1011,|Argentina|Córdoba|Tancacha|,1
1012,|Argentina|La Pampa|Speluzzi|,1
1013,|Argentina|La Pampa|Intendente Alvear|,1
1014,|Argentina|La Pampa|Trenel|,1
1015,|Argentina|Córdoba|Los Pozos|,1
1016,|Argentina|Santa Fe|Pujato Norte|,1
1017,|Argentina|Santa Fe|Susana|,1
1018,|Argentina|Bs.As. G.B.A. Zona Oeste|Moreno|Barrio Privado El Resuello|,1
1019,|Argentina|Buenos Aires Interior|Brandsen|Haras del Sur II|,1
1020,|Argentina|Entre Ríos|Aldea Salto|,1
1021,|Argentina|Buenos Aires Interior|General Pueyrredón|Batán|,1
1022,|Argentina|Córdoba|San Lorenzo|,1
1023,|Argentina|Entre Ríos|La Paz|,1
1024,|Argentina|Bs.As. G.B.A. Zona Sur|Berazategui|El Pato Country Club|,1
1025,|Argentina|Córdoba|General Cabrera|,1
1026,"|Argentina|Bs.As. G.B.A. Zona Norte|Pilar|Barrio Cerrado ""El Estribo""|",1
1027,|Argentina|Tucumán|Concepción|,1
1028,|Argentina|Buenos Aires Costa Atlántica|Mar del Plata|Juramento|,1
1029,|Argentina|Buenos Aires Interior|General Pueyrredón|Laguna de los Padres|,1
1030,|Argentina|Bs.As. G.B.A. Zona Norte|Tigre|Barrio Cerrado Lagos del Norte|,1
1031,|Argentina|Santa Fe|Franck|,1
1032,|Argentina|Santa Fe|Arroyo Ceibal|,1
1033,"|Argentina|Bs.As. G.B.A. Zona Norte|Tigre|Barrio Cerrado ""La Escondida""|",1
1034,|Argentina|Bs.As. G.B.A. Zona Norte|San Isidro|The Boating Club|,1
1035,|Argentina|Santa Fe|Sunchales|,1
1036,|Argentina|Córdoba|Bouwer|,1
1037,|Argentina|Buenos Aires Costa Atlántica|Mar del Plata|Materno|,1
1038,|Argentina|Santa Cruz|El Chaltén|,1
1039,|Argentina|Bs.As. G.B.A. Zona Sur|Cañuelas|Chacras de La Trinidad|,1
1040,|Argentina|Buenos Aires Costa Atlántica|Mar del Plata|Colina de Peralta Ramos|,1
1041,|Argentina|Buenos Aires Interior|Luján|La Ranita|,1
1042,|Argentina|Río Negro|Dina Huapi|,1
1043,|Argentina|Buenos Aires Interior|General Lavalle|,1
1044,|Argentina|Santa Fe|Venado Tuerto|,1
1045,|Argentina|Bs.As. G.B.A. Zona Norte|Escobar|Barrio San Benito|,1
1046,|Argentina|Bs.As. G.B.A. Zona Norte|Tigre|Rincon|,1
1047,|Argentina|Córdoba|Wenceslao Escalante|,1
1048,|Argentina|Bs.As. G.B.A. Zona Norte|San Fernando|Marina Del Sol (Sun's Marine)|,1
1049,|Argentina|Bs.As. G.B.A. Zona Oeste|Moreno|Barrio Cerrado El Casco de Alvarez|,1
1050,|Argentina|Bs.As. G.B.A. Zona Oeste|General Rodríguez|La Esperanza Club de Campo|,1
1051,|Argentina|Bs.As. G.B.A. Zona Oeste|Hurlingham|William Morris|,1
1052,|Argentina|Córdoba|Las Tapias|,1
1053,|Argentina|Bs.As. G.B.A. Zona Norte|Pilar|La Escondida de Manzanares|,1
1054,|Argentina|Buenos Aires Interior|Suipacha|,1
1055,|Argentina|Santa Fe|General Lagos|,1
1056,|Argentina|Entre Ríos|Chajarí|,1
1057,|Argentina|Bs.As. G.B.A. Zona Norte|Pilar|Barrio cerrado La Cascada|,1
1058,|Argentina|Buenos Aires Interior|Berisso|Los Talas|,1
1059,|Argentina|Córdoba|Villa Amancay|,1
1060,|Argentina|Buenos Aires Interior|Lobos|Las Chacras|,1
1061,|Argentina|Corrientes|Paso de los Libres|,1
1062,|Argentina|Misiones|Azara|,1
1063,|Argentina|Chaco|Coronel Du Graty|,1
1064,|Argentina|Santa Fe|Felicia|,1
1065,|Argentina|Bs.As. G.B.A. Zona Sur|Berazategui|Barrio Cerrado Los Troncos|,1
1066,|Argentina|Buenos Aires Interior|Luján|La Colina Golf & Polo|,1
1067,|Argentina|Bs.As. G.B.A. Zona Norte|Escobar|El Canton Barrio Norte|,1
1068,|Argentina|Buenos Aires Costa Atlántica|Mar del Plata|Bernardino Rivadavia|,1
1069,|Argentina|Bs.As. G.B.A. Zona Norte|Pilar|La Agustina|,1
1070,"|Argentina|Bs.As. G.B.A. Zona Norte|San Fernando|Barrio Cerrado ""La Chacra""|",1
1071,|Argentina|Entre Ríos|Colonia Elía|,1
1072,|Argentina|Chubut|Lago Epuyén|,1
1073,|Argentina|Bs.As. G.B.A. Zona Norte|Pilar|Barrio San Alfonso - Pilar del Este|,1
1074,|Argentina|Misiones|Bernardo de Irigoyen|,1
1075,|Argentina|Mendoza|Rodeo de la Cruz|,1
1076,|Argentina|Buenos Aires Interior|San Antonio de Areco|,1
1077,|Argentina|Bs.As. G.B.A. Zona Norte|Escobar|El Canton Barrio Islas|,1
1078,|Argentina|Tucumán|Las Talitas|,1
1079,|Argentina|Mendoza|Mayor Drummond|,1
1080,|Argentina|Mendoza|Pedro Molina|,1
1081,|Argentina|Buenos Aires Interior|General Belgrano|General Belgrano|,1
1082,|Argentina|San Juan|Chimbas|,1
1083,|Argentina|Buenos Aires Interior|Patagones|Carmen de Patagones|,1
1084,|Argentina|Buenos Aires Interior|Rancagua|Rancagua|,1
1085,|Argentina|Buenos Aires Interior|General Las Heras|Villars|,1
1086,|Argentina|Buenos Aires Interior|General Alvear|,1
1087,|Argentina|Bs.As. G.B.A. Zona Sur|Berazategui|Berazategui Oeste|,1
1088,|Argentina|Río Negro|San Carlos de Bariloche|,1
1089,"|Argentina|Bs.As. G.B.A. Zona Norte|San Isidro|Barrio Cerrado ""La Candelaria""|",1
1090,|Argentina|Buenos Aires Interior|San Pedro|,1
1091,|Argentina|Mendoza|Capilla del Rosario|,1
1092,|Argentina|Santa Fe|Pérez|,1
1093,|Argentina|Mendoza|Potrerillos|,1
1094,|Argentina|Buenos Aires Interior|Brandsen|Jeppener|,1
1095,|Argentina|Bs.As. G.B.A. Zona Sur|Esteban Echeverría|Barrio Privado El Rodal|,1
1096,|Argentina|Misiones|Veinticinco de Mayo|,1
1097,|Argentina|Bs.As. G.B.A. Zona Norte|Tigre| los alamos|,1
1098,"|Argentina|Bs.As. G.B.A. Zona Norte|Escobar|Barrio Cerrado ""El Aromo""|",1
1099,"|Argentina|Bs.As. G.B.A. Zona Norte|Pilar|Barrio Cerrado ""SpringDale""|",1
1100,|Argentina|Entre Ríos|Aldea Brasilera|,1
1101,|Argentina|Entre Ríos|Alejandro Roca|,1
1102,|Argentina|Santa Fe|Presidente Roca|,1
1103,|Argentina|Santa Fe|Ataliva|,1
1104,|Argentina|Santa Fe|Helvecia|,1
1105,|Argentina|Buenos Aires Interior|San Cayetano|Balneario San Cayetano|,1
1106,|Argentina|Tucumán|Banda del Río Salí|,1
1107,|Argentina|Santa Fe|María Juana|,1
1108,|Argentina|Bs.As. G.B.A. Zona Sur|Esteban Echeverría|Complejo de Barrios Privados La Magdalena|,1
1109,|Argentina|Catamarca|Agua Blanca|,1
1110,"|Argentina|Bs.As. G.B.A. Zona Norte|San Isidro|Barrio Cerrado ""Las Marías""|",1
1111,|Argentina|Buenos Aires Costa Atlántica|Mar del Plata|Faro Norte|,1
1112,|Argentina|Río Negro|Villa Llao Llao|,1
1113,|Argentina|Bs.As. G.B.A. Zona Oeste|Moreno|Country La Tradición|,1
1114,|Argentina|Bs.As. G.B.A. Zona Norte|Tigre|Barrio Cerrado San Andres|,1
1115,|Argentina|Buenos Aires Interior|Roque Pérez|Roque Pérez|,1
1116,"|Argentina|Bs.As. G.B.A. Zona Oeste|Moreno|Barrio Cerrado ""El Casco de Moreno""|",1
1117,"|Argentina|Bs.As. G.B.A. Zona Norte|Tigre|Barrio Cerrado ""Isla del Sol""|",1
1118,|Argentina|Misiones|Apóstoles|,1
1119,|Argentina|Mendoza|Rivadavia|,1
1120,|Argentina|Bs.As. G.B.A. Zona Norte|Escobar|La Arboleda de Maschwitz|,1
1121,|Argentina|Santa Fe|Rufino|,1
1122,|Argentina|Buenos Aires Costa Atlántica|Mar Chiquita|La Caleta|,1
1123,|Argentina|San Luis|La Punilla|,1
1124,|Argentina|Salta|La Silleta|,1
1125,|Argentina|Bs.As. G.B.A. Zona Sur|La Plata|Gorina|,1
1126,|Argentina|San Luis|Renca|,1
1127,|Argentina|Santa Fe|Santa Rosa de Calchines|,1
1128,|Argentina|Santa Fe|Coronel Bogado|,1
1129,|Argentina|La Rioja|,1
1130,"|Argentina|Bs.As. G.B.A. Zona Sur|Presidente Perón|San Eliseo Country, Golf, Hotel & Spa|",1
1131,|Argentina|Buenos Aires Costa Atlántica|Reta|,1
1132,"|Argentina|Bs.As. G.B.A. Zona Norte|Pilar|Barrio Cerrado ""La Emilia""|",1
1133,|Argentina|Bs.As. G.B.A. Zona Norte|Escobar|Barrio San Marco|,1
1134,|Argentina|Buenos Aires Interior|Lobos|Elvira|,1
1135,|Argentina|Buenos Aires Costa Atlántica|Mar del Plata|Gral San Martin|,1
1136,|Argentina|Santa Fe|Arequito|,1
1137,|Argentina|Mendoza|San Francisco del Monte|,1
1138,|Argentina|Buenos Aires Interior|Balcarce|Balcarce|,1
1139,|Argentina|Misiones|Puerto Libertad|,1
1140,|Argentina|Buenos Aires Interior|Olavarría|Sierras Bayas|,1
1141,|Argentina|Neuquén|Aluminé|,1
1142,|Argentina|Chubut|Playa Unión|,1
1143,|Argentina|Misiones|El Dorado|,1
1144,|Argentina|Santa Fe|Sarmiento|,1
1145,|Argentina|Bs.As. G.B.A. Zona Norte|San Fernando|Islas|,1
1146,"|Argentina|Bs.As. G.B.A. Zona Norte|San Fernando|Barrio Cerrado ""La Damasia""|",1
1147,|Argentina|La Rioja|Villa Unión|,1
1148,|Argentina|Mendoza|Los Corralitos|,1
1149,|Argentina|San Luis|Tilisarao|,1
1150,|Argentina|Misiones|San Javier|,1
1151,|Argentina|Bs.As. G.B.A. Zona Norte|Pilar|Princess|,1
1152,|Argentina|Bs.As. G.B.A. Zona Norte|Pilar|El Zorzal|,1
1153,|Argentina|Buenos Aires Interior|Coronel Suárez|Santa Trinidad|,1
1154,|Argentina|Mendoza|Uspallata|,1
1155,|Argentina|Salta|Coronel Moldes|,1
1156,|Argentina|Córdoba|Toledo|,1
1157,|Argentina|Buenos Aires Interior|Tornquist|Villa Ventana|,1
1158,|Argentina|Santa Fe|San Justo|,1
1159,|Argentina|Entre Ríos|Villa Paranacito|,1
1160,|Argentina|San Juan|Villa Mercedes|,1
1161,|Argentina|Buenos Aires Interior|Chascomús|Barrio Parque Girado|,1
1162,|Argentina|Buenos Aires Costa Atlántica|Mar del Plata|Alfar|,1
1163,|Argentina|Bs.As. G.B.A. Zona Sur|Berazategui|Altos de Hudson I|,1
